Well,Fluor,Cq
A01,SYBR,16.96843924
A02,SYBR,20.84842105
A03,SYBR,20.80646918
A04,SYBR,33.67153253
A08,SYBR,17.34572415
